{
  "temporal_consistency": 1.0,
  "diversity_score": 0.024480316630413723,
  "score_distribution": {
    "mean": 0.3797491192817688,
    "std": 0.0012500499874435406,
    "min": 0.3780754506587982,
    "max": 0.3817894756793976,
    "median": 0.37991613149642944
  },
  "num_frames": 38,
  "frame_indices": [
    62,
    67,
    72,
    80,
    1664,
    1680,
    1880,
    2281,
    3880,
    4580
  ]
}