{
  "frame_scores": [
    0.38005027174949646,
    0.3802257180213928,
    0.38029342889785767,
    0.3804234564304352,
    0.3804284334182739,
    0.3807934820652008,
    0.38121455907821655,
    0.3812551200389862,
    0.3812621533870697,
    0.3817894756793976
  ],
  "frame_indices": [
    2381,
    2281,
    86,
    63,
    82,
    62,
    73,
    81,
    72,
    80
  ]
}