{
  "frame_scores": [
    0.3807934820652008,
    0.3799666464328766,
    0.3812621533870697,
    0.3817894756793976,
    0.3781415820121765,
    0.37895703315734863,
    0.3798656165599823,
    0.3802257180213928,
    0.3780754506587982,
    0.3784140348434448
  ],
  "frame_indices": [
    62,
    67,
    72,
    80,
    1664,
    1680,
    1880,
    2281,
    3880,
    4580
  ]
}