{
  "train_loss": [
    0.10578250885009766,
    0.19489283859729767,
    0.1952061802148819,
    0.19516444206237793,
    0.19510158896446228,
    0.19494354724884033,
    0.19453772902488708,
    0.19337818026542664,
    0.18944057822227478,
    0.17027394473552704,
    0.07399983704090118,
    0.18348190188407898,
    0.11276397109031677,
    0.06347064673900604,
    0.09596449136734009,
    0.09884445369243622,
    0.07920372486114502,
    0.05656638368964195,
    0.060623377561569214,
    0.07091493159532547
  ],
  "val_loss": [
    0.19523166120052338,
    0.195322185754776,
    0.19531135261058807,
    0.19526135921478271,
    0.19514073431491852,
    0.19483767449855804,
    0.193934828042984,
    0.1904352307319641,
    0.17014925181865692,
    0.055845580995082855,
    0.24302490055561066,
    0.13723444938659668,
    0.04824574664235115,
    0.08962864428758621,
    0.09179738909006119,
    0.0662211999297142,
    0.04225610941648483,
    0.06083296239376068,
    0.08176250010728836,
    0.0657951831817627
  ]
}